"","neyman","prop","two","greedy","egreedy"
"1",0.0288193040083458,0.0299180429117889,0.0307234929447788,0.0297931500782891,0.0293402619865356
